[{"jid":"553499761865@s.whatsapp.net","xp":10595,"level":2},{"jid":"553197678436@s.whatsapp.net","xp":1007,"level":1},{"jid":"5521985344075@s.whatsapp.net","xp":6564,"level":1},{"jid":"14842023983@s.whatsapp.net","xp":9075,"level":1},{"jid":"557588971341@s.whatsapp.net","xp":2514,"level":1},{"jid":"558187968779@s.whatsapp.net","xp":21169,"level":2},{"jid":"559182459881@s.whatsapp.net","xp":1517,"level":1},{"jid":"552191178115@s.whatsapp.net","xp":11625,"level":2},{"jid":"17244974968@s.whatsapp.net","xp":8084,"level":1},{"jid":"552179662266@s.whatsapp.net","xp":10615,"level":2},{"jid":"553499203380@s.whatsapp.net","xp":1009,"level":1},{"jid":"556684123195@s.whatsapp.net","xp":6051,"level":1},{"jid":"556798071851@s.whatsapp.net","xp":27233,"level":2},{"jid":"5513996339214@s.whatsapp.net","xp":505,"level":1},{"jid":"558893577711@s.whatsapp.net","xp":506,"level":1},{"jid":"558486150072@s.whatsapp.net","xp":1009,"level":1},{"jid":"553195149795@s.whatsapp.net","xp":8587,"level":1},{"jid":"556784813358@s.whatsapp.net","xp":3031,"level":1},{"jid":"553496322290@s.whatsapp.net","xp":5551,"level":1},{"jid":"5513997076928@s.whatsapp.net","xp":501,"level":1},{"jid":"994407785180@s.whatsapp.net","xp":2523,"level":1},{"jid":"5512981333944@s.whatsapp.net","xp":15629,"level":2},{"jid":"552179778754@s.whatsapp.net","xp":2519,"level":1},{"jid":"5521998259444@s.whatsapp.net","xp":15140,"level":2},{"jid":"556192031786@s.whatsapp.net","xp":18670,"level":2},{"jid":"556792728956@s.whatsapp.net","xp":506,"level":1},{"jid":"553384153274@s.whatsapp.net","xp":1015,"level":1},{"jid":"558888142066@s.whatsapp.net","xp":5053,"level":1},{"jid":"557388480913@s.whatsapp.net","xp":2020,"level":1},{"jid":"5515981383557@s.whatsapp.net","xp":1512,"level":1},{"jid":"557381304159@s.whatsapp.net","xp":22687,"level":2},{"jid":"5527996923864@s.whatsapp.net","xp":3531,"level":1},{"jid":"552181581096@s.whatsapp.net","xp":510,"level":1},{"jid":"558396239114@s.whatsapp.net","xp":22688,"level":2},{"jid":"557388578186@s.whatsapp.net","xp":25742,"level":2},{"jid":"557391633597@s.whatsapp.net","xp":43350,"level":3},{"jid":"556492709796@s.whatsapp.net","xp":510,"level":1},{"jid":"558888168027@s.whatsapp.net","xp":39388,"level":3},{"jid":"557592481390@s.whatsapp.net","xp":8585,"level":1},{"jid":"5519998674201@s.whatsapp.net","xp":3029,"level":1},{"jid":"555399706188@s.whatsapp.net","xp":13120,"level":2},{"jid":"5511985978522@s.whatsapp.net","xp":12612,"level":2},{"jid":"557388846044@s.whatsapp.net","xp":26742,"level":2},{"jid":"558892594715@s.whatsapp.net","xp":70653,"level":4},{"jid":"556196849448@s.whatsapp.net","xp":2528,"level":1},{"jid":"19047961683@s.whatsapp.net","xp":7554,"level":1},{"jid":"556185987017@s.whatsapp.net","xp":4554,"level":1},{"jid":"559284228405@s.whatsapp.net","xp":1013,"level":1},{"jid":"5515998065165@s.whatsapp.net","xp":2014,"level":1},{"jid":"559294603508@s.whatsapp.net","xp":3528,"level":1},{"jid":"5519993103429@s.whatsapp.net","xp":1508,"level":1},{"jid":"557381185781@s.whatsapp.net","xp":28751,"level":2},{"jid":"559891179094@s.whatsapp.net","xp":2005,"level":1},{"jid":"552190970971@s.whatsapp.net","xp":2518,"level":1},{"jid":"556492544461@s.whatsapp.net","xp":9566,"level":1},{"jid":"5511930797336@s.whatsapp.net","xp":1519,"level":1},{"jid":"552795329236@s.whatsapp.net","xp":12601,"level":2},{"jid":"5511983442909@s.whatsapp.net","xp":9581,"level":1},{"jid":"5511911216529@s.whatsapp.net","xp":1010,"level":1},{"jid":"553499442852@s.whatsapp.net","xp":17655,"level":2},{"jid":"553897367898@s.whatsapp.net","xp":1011,"level":1},{"jid":"559391653813@s.whatsapp.net","xp":21201,"level":2},{"jid":"5514998368827@s.whatsapp.net","xp":22178,"level":2},{"jid":"5519989173018@s.whatsapp.net","xp":2015,"level":1},{"jid":"5519997368880@s.whatsapp.net","xp":3532,"level":1},{"jid":"5522992583961@s.whatsapp.net","xp":2513,"level":1},{"jid":"554991293266@s.whatsapp.net","xp":1013,"level":1},{"jid":"559887284932@s.whatsapp.net","xp":5557,"level":1},{"jid":"559291944895@s.whatsapp.net","xp":502,"level":1},{"jid":"553288113443@s.whatsapp.net","xp":1513,"level":1},{"jid":"5527998130638@s.whatsapp.net","xp":4530,"level":1},{"jid":"559892180384@s.whatsapp.net","xp":507,"level":1},{"jid":"5514991588117@s.whatsapp.net","xp":1007,"level":1},{"jid":"5521989192866@s.whatsapp.net","xp":502,"level":1},{"jid":"553899627486@s.whatsapp.net","xp":12625,"level":2},{"jid":"556784841930@s.whatsapp.net","xp":1512,"level":1},{"jid":"5511937430991@s.whatsapp.net","xp":3036,"level":1},{"jid":"559891698651@s.whatsapp.net","xp":6545,"level":1},{"jid":"555499045597@s.whatsapp.net","xp":1009,"level":1},{"jid":"5524992813118@s.whatsapp.net","xp":4035,"level":1},{"jid":"554888241057@s.whatsapp.net","xp":506,"level":1},{"jid":"5517988454882@s.whatsapp.net","xp":1011,"level":1},{"jid":"559391852638@s.whatsapp.net","xp":1013,"level":1},{"jid":"557996331391@s.whatsapp.net","xp":2518,"level":1},{"jid":"553288068310@s.whatsapp.net","xp":1010,"level":1},{"jid":"558586689738@s.whatsapp.net","xp":1515,"level":1},{"jid":"559991814525@s.whatsapp.net","xp":503,"level":1},{"jid":"558387290661@s.whatsapp.net","xp":1009,"level":1},{"jid":"558994136125@s.whatsapp.net","xp":3540,"level":1},{"jid":"5524992348562@s.whatsapp.net","xp":2011,"level":1},{"jid":"559887065377@s.whatsapp.net","xp":1010,"level":1},{"jid":"553598629004@s.whatsapp.net","xp":3535,"level":1},{"jid":"556281473443@s.whatsapp.net","xp":7054,"level":1},{"jid":"552181718718@s.whatsapp.net","xp":1015,"level":1},{"jid":"553488308183@s.whatsapp.net","xp":20206,"level":2},{"jid":"558581999781@s.whatsapp.net","xp":12109,"level":2},{"jid":"5519971390189@s.whatsapp.net","xp":2024,"level":1},{"jid":"558288850272@s.whatsapp.net","xp":12602,"level":2},{"jid":"5524993086069@s.whatsapp.net","xp":1016,"level":1},{"jid":"557988248175@s.whatsapp.net","xp":1016,"level":1},{"jid":"5516992066871@s.whatsapp.net","xp":508,"level":1},{"jid":"553888448733@s.whatsapp.net","xp":1014,"level":1},{"jid":"5511910720246@s.whatsapp.net","xp":1009,"level":1},{"jid":"557588347345@s.whatsapp.net","xp":4559,"level":1},{"jid":"5519992028005@s.whatsapp.net","xp":2519,"level":1},{"jid":"5521989069863@s.whatsapp.net","xp":6572,"level":1},{"jid":"558896541621@s.whatsapp.net","xp":14630,"level":2},{"jid":"558799972939@s.whatsapp.net","xp":2518,"level":1},{"jid":"557391349842@s.whatsapp.net","xp":5039,"level":1},{"jid":"557398725690@s.whatsapp.net","xp":5547,"level":1},{"jid":"554788111700@s.whatsapp.net","xp":504,"level":1},{"jid":"553287091708@s.whatsapp.net","xp":504,"level":1},{"jid":"557582229824@s.whatsapp.net","xp":503,"level":1},{"jid":"557582042763@s.whatsapp.net","xp":1509,"level":1},{"jid":"558388394593@s.whatsapp.net","xp":4544,"level":1},{"jid":"556281078316@s.whatsapp.net","xp":1517,"level":1},{"jid":"559284663061@s.whatsapp.net","xp":508,"level":1},{"jid":"5528999648270@s.whatsapp.net","xp":504,"level":1},{"jid":"557182548909@s.whatsapp.net","xp":42352,"level":3},{"jid":"558688470414@s.whatsapp.net","xp":24706,"level":2},{"jid":"557186613965@s.whatsapp.net","xp":118595,"level":4},{"jid":"557186569283@s.whatsapp.net","xp":21203,"level":2},{"jid":"557186277422@s.whatsapp.net","xp":40323,"level":3},{"jid":"557194012262@s.whatsapp.net","xp":122995,"level":4},{"jid":"557192203569@s.whatsapp.net","xp":70079,"level":4},{"jid":"557186343994@s.whatsapp.net","xp":117526,"level":4},{"jid":"557186965195@s.whatsapp.net","xp":79723,"level":4},{"jid":"5511969893472@s.whatsapp.net","xp":6053,"level":1},{"jid":"557196861742@s.whatsapp.net","xp":510,"level":1},{"jid":"558896546284@s.whatsapp.net","xp":25234,"level":2},{"jid":"557192450060@s.whatsapp.net","xp":32797,"level":3},{"jid":"557183006800@s.whatsapp.net","xp":24695,"level":2},{"jid":"558194444369@s.whatsapp.net","xp":503,"level":1},{"jid":"557186159142@s.whatsapp.net","xp":2527,"level":1},{"jid":"5511981698024@s.whatsapp.net","xp":509,"level":1},{"jid":"556984490813@s.whatsapp.net","xp":4031,"level":1},{"jid":"556992741746@s.whatsapp.net","xp":12125,"level":2},{"jid":"553493065143@s.whatsapp.net","xp":18671,"level":2},{"jid":"557184793560@s.whatsapp.net","xp":501,"level":1},{"jid":"553192928256@s.whatsapp.net","xp":1009,"level":1},{"jid":"559288018799@s.whatsapp.net","xp":4524,"level":1},{"jid":"559886045642@s.whatsapp.net","xp":508,"level":1},{"jid":"5511948979222@s.whatsapp.net","xp":7589,"level":1},{"jid":"553488617765@s.whatsapp.net","xp":2013,"level":1},{"jid":"559887348040@s.whatsapp.net","xp":501,"level":1},{"jid":"5514998624324@s.whatsapp.net","xp":5563,"level":1},{"jid":"557186296970@s.whatsapp.net","xp":1515,"level":1},{"jid":"5527988897444@s.whatsapp.net","xp":510,"level":1},{"jid":"557184709762@s.whatsapp.net","xp":28250,"level":2},{"jid":"557184269630@s.whatsapp.net","xp":1013,"level":1},{"jid":"559181099870@s.whatsapp.net","xp":504,"level":1},{"jid":"557193333891@s.whatsapp.net","xp":17637,"level":2},{"jid":"557193664433@s.whatsapp.net","xp":4037,"level":1},{"jid":"5521972264635@s.whatsapp.net","xp":502,"level":1},{"jid":"557193257214@s.whatsapp.net","xp":1512,"level":1},{"jid":"559192311076@s.whatsapp.net","xp":9593,"level":1},{"jid":"558699795122@s.whatsapp.net","xp":1504,"level":1},{"jid":"557188764859@s.whatsapp.net","xp":1523,"level":1},{"jid":"558694523376@s.whatsapp.net","xp":1514,"level":1},{"jid":"557188753924@s.whatsapp.net","xp":1501,"level":1},{"jid":"553798217749@s.whatsapp.net","xp":4041,"level":1},{"jid":"5527999018778@s.whatsapp.net","xp":2010,"level":1},{"jid":"555185886085@s.whatsapp.net","xp":502,"level":1},{"jid":"557181711924@s.whatsapp.net","xp":1514,"level":1},{"jid":"557196165159@s.whatsapp.net","xp":1517,"level":1},{"jid":"557186277916@s.whatsapp.net","xp":504,"level":1},{"jid":"558695127583@s.whatsapp.net","xp":2015,"level":1},{"jid":"555399264035@s.whatsapp.net","xp":1517,"level":1},{"jid":"558396245948@s.whatsapp.net","xp":2026,"level":1},{"jid":"557181722951@s.whatsapp.net","xp":3526,"level":1},{"jid":"557188848675@s.whatsapp.net","xp":1009,"level":1},{"jid":"557191415692@s.whatsapp.net","xp":1504,"level":1},{"jid":"557181718996@s.whatsapp.net","xp":16136,"level":2},{"jid":"557186959223@s.whatsapp.net","xp":507,"level":1},{"jid":"557197191032@s.whatsapp.net","xp":41361,"level":3},{"jid":"557183532509@s.whatsapp.net","xp":507,"level":1},{"jid":"557398454247@s.whatsapp.net","xp":4535,"level":1},{"jid":"5521979937073@s.whatsapp.net","xp":1512,"level":1},{"jid":"555184809684@s.whatsapp.net","xp":2020,"level":1},{"jid":"559791509592@s.whatsapp.net","xp":1017,"level":1},{"jid":"5512996577386@s.whatsapp.net","xp":7053,"level":1},{"jid":"558193269601@s.whatsapp.net","xp":1527,"level":1},{"jid":"14509873595@s.whatsapp.net","xp":7565,"level":1},{"jid":"5512997254770@s.whatsapp.net","xp":502,"level":1},{"jid":"557181935009@s.whatsapp.net","xp":1010,"level":1},{"jid":"553597044039@s.whatsapp.net","xp":506,"level":1},{"jid":"559888335349@s.whatsapp.net","xp":6062,"level":1},{"jid":"556992219643@s.whatsapp.net","xp":5041,"level":1},{"jid":"558896783793@s.whatsapp.net","xp":1018,"level":1},{"jid":"557187914941@s.whatsapp.net","xp":1512,"level":1},{"jid":"556581642911@s.whatsapp.net","xp":17631,"level":2},{"jid":"556284353686@s.whatsapp.net","xp":509,"level":1},{"jid":"556992837364@s.whatsapp.net","xp":12121,"level":2},{"jid":"557187249048@s.whatsapp.net","xp":508,"level":1},{"jid":"555184327064@s.whatsapp.net","xp":1001,"level":1},{"jid":"559291135524@s.whatsapp.net","xp":509,"level":1},{"jid":"557185191747@s.whatsapp.net","xp":5550,"level":1},{"jid":"557192285269@s.whatsapp.net","xp":2532,"level":1},{"jid":"557186080247@s.whatsapp.net","xp":507,"level":1},{"jid":"557187188893@s.whatsapp.net","xp":1517,"level":1},{"jid":"557197046276@s.whatsapp.net","xp":2027,"level":1},{"jid":"557181793246@s.whatsapp.net","xp":1506,"level":1},{"jid":"557199598414@s.whatsapp.net","xp":10079,"level":2},{"jid":"557186957156@s.whatsapp.net","xp":509,"level":1},{"jid":"557187267697@s.whatsapp.net","xp":1009,"level":1},{"jid":"557499631991@s.whatsapp.net","xp":509,"level":1},{"jid":"557185245614@s.whatsapp.net","xp":23735,"level":2},{"jid":"5521983608177@s.whatsapp.net","xp":2513,"level":1},{"jid":"5515997397659@s.whatsapp.net","xp":1006,"level":1},{"jid":"557588721984@s.whatsapp.net","xp":2011,"level":1},{"jid":"557186812394@s.whatsapp.net","xp":2520,"level":1},{"jid":"5519987732599@s.whatsapp.net","xp":1512,"level":1},{"jid":"557194092674@s.whatsapp.net","xp":1526,"level":1},{"jid":"557183578824@s.whatsapp.net","xp":506,"level":1},{"jid":"557184483915@s.whatsapp.net","xp":1501,"level":1},{"jid":"558892824267@s.whatsapp.net","xp":5055,"level":1},{"jid":"557187123504@s.whatsapp.net","xp":2010,"level":1},{"jid":"552193995906@s.whatsapp.net","xp":8094,"level":1},{"jid":"559591611277@s.whatsapp.net","xp":508,"level":1},{"jid":"557183811149@s.whatsapp.net","xp":1506,"level":1},{"jid":"557183160058@s.whatsapp.net","xp":1007,"level":1},{"jid":"558894484837@s.whatsapp.net","xp":507,"level":1},{"jid":"557187573552@s.whatsapp.net","xp":2524,"level":1},{"jid":"557191738515@s.whatsapp.net","xp":2517,"level":1},{"jid":"557186131605@s.whatsapp.net","xp":508,"level":1},{"jid":"557187070549@s.whatsapp.net","xp":1006,"level":1},{"jid":"557186551716@s.whatsapp.net","xp":1012,"level":1},{"jid":"557186256492@s.whatsapp.net","xp":10083,"level":2},{"jid":"557188748626@s.whatsapp.net","xp":1013,"level":1}]